Patient State,Patient ZIP-3,Cohort Patient Count or %,White,Black or African American,Asian or Pacific Islander,Hispanic or Latino,Other,Unknown
US-MI,481,3792.0000,2505.00,451.00,101.00,256.00,73.00,406.00
US-AZ,850,3657.0000,1906.00,478.00,70.00,671.00,235.00,297.00
US-MD,212,3288.0000,782.00,1437.00,53.00,80.00,40.00,896.00
US-TX,750,3110.0000,1531.00,419.00,185.00,509.00,90.00,376.00
US-LA,705,3094.0000,1553.00,548.00,61.00,189.00,23.00,720.00
US-NV,891,3007.0000,1162.00,514.00,115.00,588.00,137.00,491.00
US-AZ,852,2931.0000,1777.00,225.00,63.00,331.00,159.00,376.00
US-MI,480,2889.0000,1942.00,399.00,60.00,131.00,45.00,312.00
US-TX,770,2782.0000,503.00,893.00,53.00,528.00,118.00,687.00
US-IL,606,2725.0000,841.00,944.00,107.00,540.00,88.00,205.00
US-MA,021,2554.0000,1197.00,514.00,125.00,579.00,68.00,71.00
US-GA,300,2527.0000,825.00,696.00,79.00,137.00,162.00,628.00
US-AZ,853,2466.0000,1300.00,226.00,39.00,536.00,126.00,239.00
US-TX,760,2419.0000,1458.00,279.00,64.00,340.00,39.00,239.00
US-TX,782,2390.0000,480.00,200.00,19.00,1081.00,23.00,587.00
US-OH,441,2362.0000,1053.00,542.00,23.00,195.00,64.00,485.00
US-FL,328,2265.0000,533.00,337.00,50.00,745.00,84.00,516.00
US-TX,761,2262.0000,1074.00,506.00,39.00,443.00,31.00,169.00
US-FL,347,2247.0000,641.00,144.00,25.00,864.00,69.00,504.00
US-CA,900,2196.0000,457.00,520.00,102.00,533.00,116.00,468.00
US-FL,327,2176.0000,982.00,172.00,33.00,358.00,70.00,561.00
US-VA,232,2029.0000,529.00,1028.00,14.00,201.00,83.00,174.00
US-NY,104,1993.0000,128.00,483.00,32.00,825.00,33.00,492.00
US-IL,600,1990.0000,1171.00,158.00,100.00,199.00,91.00,271.00
US-FL,331,1979.0000,182.00,260.00,25.00,1175.00,47.00,290.00
US-NJ,080,1944.0000,984.00,248.00,24.00,137.00,214.00,337.00
US-TX,773,1923.0000,787.00,187.00,32.00,216.00,88.00,613.00
US-CA,925,1868.0000,637.00,180.00,55.00,695.00,106.00,195.00
US-UT,840,1863.0000,1405.00,47.00,35.00,231.00,44.00,101.00
US-TX,775,1845.0000,685.00,185.00,16.00,266.00,91.00,602.00
US-FL,330,1834.0000,410.00,254.00,23.00,760.00,67.00,320.00
US-MA,018,1832.0000,1130.00,79.00,50.00,446.00,62.00,65.00
US-OH,452,1794.0000,920.00,605.00,24.00,109.00,33.00,103.00
US-NC,275,1757.0000,1138.00,297.00,35.00,128.00,39.00,120.00
US-CA,926,1755.0000,782.00,48.00,168.00,279.00,197.00,281.00
US-AZ,857,1743.0000,751.00,95.00,14.00,585.00,45.00,253.00
US-MI,483,1740.0000,1155.00,199.00,59.00,89.00,28.00,210.00
US-MA,027,1735.0000,1103.00,138.00,22.00,335.00,40.00,97.00
US-OH,440,1721.0000,987.00,101.00,10.00,138.00,33.00,452.00
US-WA,980,1718.0000,1055.00,121.00,141.00,185.00,41.00,175.00
US-KY,402,1715.0000,825.00,454.00,23.00,46.00,127.00,240.00
US-WI,532,1694.0000,432.00,448.00,15.00,203.00,51.00,545.00
US-LA,706,1673.0000,860.00,330.00,10.00,100.00,39.00,334.00
US-FL,334,1671.0000,752.00,228.00,35.00,299.00,46.00,311.00
US-IL,604,1667.0000,894.00,368.00,44.00,217.00,44.00,100.00
US-NY,112,1655.0000,375.00,462.00,97.00,271.00,59.00,391.00
US-IL,601,1618.0000,919.00,151.00,77.00,235.00,78.00,158.00
US-CA,923,1593.0000,542.00,195.00,31.00,629.00,29.00,167.00
US-NJ,070,1588.0000,516.00,250.00,56.00,324.00,132.00,310.00
US-CA,920,1585.0000,682.00,51.00,93.00,417.00,228.00,114.00
US-TX,752,1576.0000,498.00,530.00,41.00,304.00,33.00,170.00
US-OH,432,1565.0000,593.00,390.00,12.00,55.00,35.00,480.00
US-GA,301,1552.0000,734.00,226.00,11.00,54.00,118.00,409.00
US-NY,117,1508.0000,783.00,108.00,42.00,188.00,42.00,345.00
US-WA,982,1499.0000,1019.00,59.00,41.00,184.00,41.00,155.00
US-PA,191,1483.0000,414.00,523.00,36.00,199.00,110.00,201.00
US-CA,917,1451.0000,323.00,94.00,118.00,614.00,60.00,242.00
US-SC,296,1439.0000,951.00,177.00,5.00,121.00,20.00,165.00
US-FL,338,1420.0000,588.00,126.00,14.00,282.00,191.00,219.00
US-CA,928,1408.0000,494.00,60.00,118.00,472.00,70.00,194.00
US-MI,488,1399.0000,1036.00,46.00,22.00,71.00,40.00,184.00
US-CA,921,1397.0000,523.00,72.00,163.00,387.00,139.00,113.00
US-PA,190,1397.0000,700.00,170.00,28.00,88.00,161.00,250.00
US-MN,554,1392.0000,593.00,178.00,22.00,62.00,50.00,487.00
US-OR,973,1387.0000,811.00,30.00,10.00,108.00,38.00,390.00
US-OR,974,1368.0000,871.00,50.00,15.00,100.00,47.00,285.00
US-MI,490,1357.0000,871.00,123.00,20.00,49.00,48.00,246.00
US-OR,972,1350.0000,675.00,89.00,52.00,115.00,47.00,372.00
US-TN,370,1331.0000,937.00,160.00,15.00,42.00,42.00,135.00
US-FL,337,1328.0000,733.00,131.00,22.00,116.00,85.00,241.00
US-CA,956,1307.0000,605.00,63.00,47.00,167.00,86.00,339.00
US-MI,482,1294.0000,319.00,723.00,32.00,74.00,12.00,134.00
US-FL,336,1287.0000,342.00,230.00,21.00,339.00,58.00,297.00
US-FL,346,1281.0000,834.00,55.00,16.00,147.00,58.00,171.00
US-CA,945,1273.0000,359.00,97.00,94.00,159.00,99.00,465.00
US-WI,531,1265.0000,630.00,59.00,9.00,98.00,42.00,427.00
US-VA,238,1256.0000,471.00,474.00,10.00,160.00,46.00,95.00
US-TX,799,1250.0000,147.00,30.00,4.00,686.00,15.00,368.00
US-NC,283,1241.0000,505.00,314.00,15.00,84.00,144.00,179.00
US-WA,981,1224.0000,664.00,118.00,109.00,171.00,30.00,132.00
US-LA,704,1224.0000,674.00,174.00,31.00,83.00,23.00,239.00
US-CA,958,1211.0000,414.00,203.00,70.00,228.00,59.00,237.00
US-LA,707,1210.0000,623.00,164.00,9.00,74.00,29.00,311.00
US-MI,484,1183.0000,916.00,64.00,18.00,66.00,24.00,95.00
US-GA,302,1174.0000,411.00,365.00,8.00,43.00,55.00,292.00
US-IL,605,1168.0000,663.00,85.00,48.00,170.00,50.00,152.00
US-WI,549,1164.0000,610.00,40.00,12.00,40.00,43.00,419.00
US-OK,731,1161.0000,674.00,225.00,10.00,113.00,32.00,107.00
US-NY,100,1156.0000,265.00,235.00,61.00,292.00,41.00,262.00
US-CA,913,1153.0000,390.00,61.00,59.00,294.00,117.00,232.00
US-NC,280,1148.0000,689.00,160.00,6.00,50.00,31.00,212.00
US-TX,774,1147.0000,333.00,195.00,44.00,163.00,73.00,339.00
US-MO,631,1140.0000,468.00,326.00,13.00,23.00,60.00,250.00
US-VA,234,1133.0000,488.00,318.00,30.00,108.00,82.00,107.00
US-TN,373,1132.0000,748.00,47.00,5.00,22.00,36.00,274.00
US-TX,751,1131.0000,528.00,253.00,12.00,175.00,24.00,139.00
US-MI,494,1129.0000,712.00,79.00,20.00,71.00,19.00,228.00
US-MO,630,1126.0000,596.00,93.00,7.00,24.00,51.00,355.00
US-FL,335,1120.0000,550.00,93.00,11.00,176.00,61.00,229.00
US-OH,450,1108.0000,796.00,86.00,14.00,67.00,38.00,107.00
US-MA,023,1081.0000,760.00,142.00,15.00,114.00,26.00,24.00
US-OH,430,1078.0000,539.00,57.00,11.00,27.00,37.00,407.00
US-NJ,088,1075.0000,432.00,101.00,51.00,133.00,109.00,249.00
US-MD,217,1073.0000,695.00,153.00,17.00,67.00,38.00,103.00
US-IN,463,1069.0000,619.00,89.00,9.00,136.00,33.00,183.00
US-FL,322,1064.0000,481.00,89.00,188.00,97.00,19.00,190.00
US-DC,200,1059.0000,110.00,725.00,17.00,57.00,12.00,138.00
US-PA,152,1056.0000,546.00,106.00,12.00,36.00,14.00,342.00
US-MI,495,1054.0000,480.00,134.00,13.00,63.00,11.00,353.00
US-OK,730,1048.0000,709.00,62.00,6.00,63.00,34.00,174.00
US-PA,170,1042.0000,640.00,54.00,4.00,74.00,15.00,255.00
US-CT,060,1041.0000,536.00,80.00,16.00,121.00,54.00,234.00
US-ID,836,1040.0000,548.00,20.00,8.00,74.00,37.00,353.00
US-OH,454,1025.0000,514.00,187.00,11.00,29.00,32.00,252.00
US-FL,321,1018.0000,622.00,79.00,16.00,65.00,34.00,202.00
US-KY,403,1015.0000,745.00,56.00,4.00,23.00,68.00,119.00
US-TX,762,1014.0000,615.00,84.00,20.00,157.00,19.00,119.00
US-IN,462,1008.0000,531.00,183.00,11.00,33.00,24.00,226.00
US-FL,329,1005.0000,544.00,56.00,20.00,89.00,43.00,253.00
US-AZ,851,1001.0000,534.00,61.00,10.00,163.00,58.00,175.00
US-CA,922,990.0000,377.00,53.00,25.00,352.00,52.00,131.00
US-NC,286,985.0000,737.00,69.00,10.00,43.00,19.00,107.00
US-GA,305,979.0000,618.00,63.00,8.00,39.00,48.00,203.00
US-TX,787,966.0000,326.00,62.00,17.00,142.00,27.00,392.00
US-LA,713,960.0000,461.00,256.00,6.00,47.00,17.00,173.00
US-MD,207,959.0000,160.00,499.00,18.00,69.00,13.00,200.00
US-MD,210,957.0000,450.00,135.00,22.00,28.00,15.00,307.00
US-NV,890,953.0000,413.00,131.00,31.00,157.00,46.00,175.00
US-VA,236,950.0000,334.00,412.00,12.00,71.00,41.00,80.00
US-MA,019,947.0000,714.00,47.00,15.00,132.00,21.00,18.00
US-FL,344,944.0000,510.00,65.00,14.00,123.00,27.00,205.00
US-LA,712,941.0000,451.00,239.00,14.00,63.00,17.00,157.00
US-CT,064,940.0000,575.00,30.00,12.00,121.00,71.00,131.00
US-PA,180,939.0000,622.00,54.00,5.00,108.00,33.00,117.00
US-TN,371,933.0000,695.00,80.00,8.00,31.00,37.00,82.00
US-CO,802,932.0000,484.00,64.00,24.00,164.00,49.00,147.00
US-TX,786,932.0000,332.00,55.00,11.00,148.00,21.00,365.00
US-OH,456,925.0000,612.00,33.00,6.00,22.00,14.00,238.00
US-LA,711,920.0000,422.00,343.00,14.00,74.00,8.00,59.00
US-NC,284,917.0000,533.00,105.00,1.00,27.00,32.00,219.00
US-SC,294,915.0000,577.00,165.00,14.00,41.00,12.00,106.00
US-FL,333,914.0000,299.00,193.00,16.00,208.00,35.00,163.00
US-MN,551,913.0000,439.00,103.00,19.00,44.00,36.00,272.00
US-WA,983,908.0000,555.00,45.00,31.00,68.00,26.00,183.00
US-NM,871,901.0000,390.00,28.00,11.00,269.00,29.00,174.00
US-IN,471,894.0000,620.00,52.00,5.00,18.00,38.00,161.00
US-NE,681,892.0000,507.00,80.00,7.00,74.00,32.00,192.00
US-NC,282,891.0000,298.00,272.00,13.00,34.00,21.00,253.00
US-OH,442,888.0000,596.00,40.00,7.00,25.00,29.00,191.00
US-VA,201,884.0000,446.00,97.00,72.00,139.00,61.00,69.00
US-WI,530,881.0000,432.00,34.00,7.00,48.00,37.00,323.00
US-MN,553,878.0000,479.00,48.00,18.00,49.00,44.00,240.00
US-TN,378,873.0000,546.00,23.00,18.00,21.00,28.00,237.00
US-UT,841,868.0000,613.00,32.00,18.00,132.00,22.00,51.00
US-WA,992,864.0000,616.00,46.00,21.00,63.00,37.00,81.00
US-SC,295,861.0000,451.00,141.00,8.00,24.00,10.00,227.00
US-NC,276,861.0000,436.00,257.00,17.00,67.00,21.00,63.00
US-NY,146,859.0000,459.00,178.00,21.00,148.00,33.00,20.00
US-KY,410,857.0000,611.00,45.00,4.00,18.00,46.00,133.00
US-MI,486,855.0000,622.00,72.00,6.00,41.00,19.00,95.00
US-NJ,087,846.0000,506.00,32.00,5.00,57.00,96.00,150.00
US-LA,700,843.0000,350.00,208.00,25.00,93.00,24.00,143.00
US-WA,986,843.0000,522.00,37.00,23.00,94.00,22.00,145.00
US-TX,785,841.0000,88.00,3.00,5.00,559.00,5.00,181.00
US-LA,703,837.0000,438.00,102.00,9.00,49.00,42.00,197.00
US-NC,281,831.0000,475.00,83.00,9.00,28.00,20.00,216.00
US-NC,272,831.0000,554.00,133.00,6.00,50.00,12.00,76.00
US-OH,444,824.0000,616.00,45.00,4.00,77.00,22.00,60.00
US-CA,953,821.0000,282.00,28.00,23.00,147.00,51.00,290.00
US-WI,535,820.0000,495.00,45.00,7.00,31.00,13.00,229.00
US-VA,240,815.0000,494.00,129.00,11.00,25.00,47.00,109.00
US-GA,303,814.0000,202.00,313.00,17.00,40.00,58.00,184.00
US-OH,453,807.0000,521.00,47.00,8.00,18.00,29.00,184.00
US-OR,970,798.0000,455.00,17.00,21.00,70.00,20.00,215.00
US-MO,633,792.0000,448.00,34.00,9.00,22.00,45.00,234.00
US-CT,062,791.0000,456.00,44.00,11.00,79.00,46.00,155.00
US-TX,754,790.0000,508.00,62.00,8.00,53.00,10.00,149.00
US-CO,809,787.0000,442.00,43.00,23.00,97.00,54.00,128.00
US-PA,194,786.0000,436.00,67.00,13.00,44.00,113.00,113.00
US-WA,985,783.0000,530.00,32.00,22.00,73.00,21.00,105.00
US-MO,640,779.0000,533.00,69.00,9.00,36.00,9.00,123.00
US-KY,427,772.0000,496.00,53.00,4.00,21.00,76.00,122.00
US-MA,010,769.0000,488.00,33.00,5.00,165.00,18.00,60.00
US-MO,641,764.0000,390.00,182.00,10.00,47.00,11.00,124.00
US-NH,030,761.0000,552.00,11.00,8.00,57.00,81.00,52.00
US-FL,342,758.0000,453.00,40.00,7.00,55.00,22.00,181.00
US-GA,307,755.0000,524.00,30.00,3.00,38.00,33.00,127.00
US-MI,492,750.0000,574.00,48.00,3.00,48.00,18.00,59.00
US-RI,028,743.0000,431.00,33.00,7.00,81.00,7.00,184.00
US-DE,199,741.0000,434.00,95.00,7.00,45.00,16.00,144.00
US-OH,448,729.0000,468.00,21.00,,42.00,23.00,175.00
US-GA,310,723.0000,335.00,152.00,9.00,16.00,32.00,179.00
US-OH,446,717.0000,489.00,30.00,4.00,16.00,15.00,163.00
US-NC,285,717.0000,463.00,110.00,7.00,37.00,16.00,84.00
US-PA,150,714.0000,440.00,42.00,6.00,9.00,16.00,201.00
US-CA,902,712.0000,135.00,93.00,25.00,263.00,44.00,152.00
US-NC,278,708.0000,354.00,213.00,6.00,35.00,21.00,79.00
US-CO,800,704.0000,367.00,49.00,11.00,94.00,63.00,120.00
US-NE,685,704.0000,468.00,34.00,13.00,31.00,22.00,136.00
US-NJ,077,699.0000,344.00,47.00,11.00,55.00,57.00,185.00
US-IN,461,695.0000,485.00,34.00,3.00,20.00,27.00,126.00
US-OH,436,694.0000,386.00,134.00,4.00,105.00,6.00,59.00
US-LA,701,693.0000,122.00,398.00,24.00,54.00,13.00,82.00
US-ID,837,692.0000,341.00,7.00,8.00,31.00,21.00,284.00
US-OH,451,691.0000,564.00,22.00,5.00,41.00,13.00,46.00
US-LA,714,690.0000,376.00,96.00,2.00,41.00,25.00,150.00
US-VA,231,688.0000,408.00,89.00,12.00,61.00,67.00,51.00
US-GA,306,687.0000,346.00,109.00,5.00,24.00,30.00,173.00
US-MI,485,686.0000,417.00,166.00,5.00,38.00,13.00,47.00
US-VA,245,685.0000,372.00,206.00,2.00,23.00,32.00,50.00
US-FL,339,683.0000,388.00,45.00,7.00,100.00,19.00,124.00
US-MD,208,683.0000,257.00,121.00,41.00,76.00,23.00,165.00
US-OK,740,675.0000,323.00,12.00,10.00,24.00,34.00,272.00
US-TN,379,673.0000,414.00,24.00,45.00,16.00,20.00,154.00
US-NC,287,671.0000,524.00,19.00,2.00,30.00,19.00,77.00
US-NY,125,667.0000,397.00,49.00,10.00,119.00,43.00,49.00
US-OH,431,662.0000,368.00,32.00,4.00,17.00,19.00,222.00
US-MA,020,661.0000,499.00,37.00,15.00,42.00,22.00,46.00
US-LA,708,657.0000,177.00,282.00,15.00,31.00,8.00,144.00
US-MD,211,657.0000,277.00,88.00,5.00,19.00,19.00,249.00
US-TX,759,653.0000,266.00,73.00,4.00,32.00,13.00,265.00
US-IN,473,652.0000,419.00,31.00,3.00,7.00,16.00,176.00
US-MI,493,650.0000,378.00,12.00,16.00,24.00,7.00,213.00
US-KY,400,650.0000,439.00,42.00,2.00,14.00,75.00,78.00
US-KY,405,643.0000,404.00,93.00,5.00,27.00,38.00,76.00
US-MS,386,642.0000,357.00,112.00,3.00,17.00,23.00,130.00
US-KY,401,642.0000,424.00,44.00,,23.00,51.00,100.00
US-FL,349,640.0000,340.00,59.00,7.00,74.00,18.00,142.00
US-NY,113,637.0000,176.00,47.00,93.00,130.00,11.00,180.00
US-WI,541,632.0000,286.00,11.00,7.00,24.00,25.00,279.00
US-NM,880,632.0000,280.00,15.00,4.00,231.00,18.00,84.00
US-TX,784,632.0000,147.00,23.00,6.00,274.00,6.00,176.00
US-KY,420,628.0000,440.00,54.00,1.00,31.00,53.00,49.00
US-NJ,078,627.0000,362.00,19.00,10.00,88.00,45.00,103.00
US-FL,320,626.0000,398.00,28.00,21.00,35.00,16.00,128.00
US-CA,959,626.0000,358.00,24.00,10.00,74.00,64.00,96.00
US-CT,067,625.0000,310.00,55.00,8.00,129.00,28.00,95.00
US-IN,469,614.0000,422.00,27.00,2.00,18.00,23.00,122.00
US-TN,383,608.0000,445.00,86.00,5.00,12.00,30.00,30.00
US-IN,460,595.0000,372.00,34.00,6.00,14.00,23.00,146.00
US-TX,781,595.0000,218.00,33.00,5.00,158.00,4.00,177.00
US-CO,805,592.0000,283.00,14.00,7.00,56.00,61.00,171.00
US-OH,437,591.0000,357.00,23.00,,5.00,12.00,194.00
US-OR,975,590.0000,441.00,7.00,14.00,88.00,19.00,21.00
US-CA,906,589.0000,129.00,16.00,39.00,282.00,27.00,96.00
US-MN,550,582.0000,352.00,17.00,4.00,21.00,20.00,168.00
US-AR,720,577.0000,395.00,49.00,47.00,24.00,13.00,49.00
US-CA,933,576.0000,207.00,24.00,11.00,122.00,36.00,176.00
US-VA,235,575.0000,159.00,292.00,9.00,46.00,26.00,43.00
US-KS,660,574.0000,425.00,31.00,10.00,38.00,13.00,57.00
US-NY,109,560.0000,283.00,59.00,13.00,103.00,29.00,73.00
US-LA,710,557.0000,378.00,111.00,6.00,27.00,7.00,28.00
US-NV,895,555.0000,279.00,35.00,11.00,56.00,35.00,139.00
US-ID,833,555.0000,312.00,4.00,3.00,28.00,11.00,197.00
US-CA,908,554.0000,142.00,86.00,31.00,146.00,20.00,129.00
US-CA,935,553.0000,196.00,92.00,8.00,117.00,28.00,112.00
US-TX,756,551.0000,300.00,75.00,1.00,17.00,3.00,155.00
US-CO,801,550.0000,303.00,11.00,11.00,44.00,44.00,137.00
US-MS,395,550.0000,314.00,74.00,4.00,17.00,14.00,127.00
US-IN,479,548.0000,377.00,29.00,4.00,23.00,21.00,94.00
US-MI,487,546.0000,419.00,12.00,9.00,37.00,9.00,60.00
US-NC,270,545.0000,394.00,36.00,2.00,13.00,10.00,90.00
US-SC,293,543.0000,326.00,87.00,4.00,26.00,6.00,94.00
US-WA,984,540.0000,254.00,67.00,17.00,64.00,16.00,122.00
US-DE,197,539.0000,250.00,110.00,9.00,57.00,13.00,100.00
US-TN,372,538.0000,327.00,131.00,7.00,15.00,18.00,40.00
US-IN,465,534.0000,382.00,25.00,6.00,37.00,19.00,65.00
US-PA,196,533.0000,256.00,41.00,6.00,151.00,15.00,64.00
US-OH,443,533.0000,327.00,125.00,7.00,12.00,11.00,51.00
US-WA,993,533.0000,292.00,15.00,10.00,113.00,17.00,86.00
US-NY,142,530.0000,240.00,79.00,9.00,38.00,11.00,153.00
US-TN,376,526.0000,369.00,17.00,5.00,8.00,24.00,103.00
US-VA,242,523.0000,392.00,9.00,1.00,3.00,30.00,88.00
US-SC,290,523.0000,280.00,70.00,4.00,19.00,9.00,141.00
US-WI,543,520.0000,226.00,29.00,7.00,35.00,24.00,199.00
US-GA,317,520.0000,229.00,149.00,5.00,9.00,29.00,99.00
US-CA,919,510.0000,128.00,19.00,42.00,230.00,35.00,56.00
US-VA,241,510.0000,316.00,93.00,,10.00,16.00,75.00
US-TN,374,509.0000,254.00,78.00,7.00,10.00,22.00,138.00
US-TN,381,509.0000,161.00,220.00,10.00,11.00,6.00,101.00
US-CA,930,507.0000,194.00,32.00,15.00,136.00,47.00,83.00
US-PA,193,505.0000,265.00,46.00,9.00,35.00,74.00,76.00
US-PA,151,503.0000,269.00,50.00,4.00,5.00,8.00,167.00
US-TN,377,502.0000,354.00,11.00,7.00,4.00,13.00,113.00
US-KY,421,500.0000,374.00,41.00,2.00,18.00,28.00,37.00
US-MS,394,499.0000,290.00,90.00,4.00,8.00,16.00,91.00
US-AL,365,499.0000,311.00,30.00,3.00,10.00,11.00,134.00
US-KS,672,495.0000,277.00,56.00,5.00,33.00,26.00,98.00
US-PA,184,493.0000,262.00,10.00,4.00,25.00,3.00,189.00
US-NJ,074,489.0000,276.00,25.00,14.00,50.00,43.00,81.00
US-MA,017,488.0000,304.00,29.00,17.00,62.00,20.00,56.00
US-FL,325,487.0000,271.00,60.00,7.00,26.00,14.00,109.00
US-TN,380,487.0000,302.00,80.00,5.00,13.00,23.00,64.00
US-MI,489,487.0000,269.00,93.00,3.00,48.00,12.00,62.00
US-NJ,071,485.0000,52.00,225.00,4.00,107.00,20.00,77.00
US-Unknown,Unknown,484.0000,2.00,1.00,,3.00,,478.00
US-AZ,856,479.0000,228.00,21.00,5.00,146.00,13.00,66.00
US-CA,927,473.0000,138.00,16.00,57.00,186.00,29.00,47.00
US-CA,950,471.0000,147.00,5.00,29.00,45.00,46.00,199.00
US-ME,042,469.0000,403.00,14.00,3.00,17.00,20.00,12.00
US-OH,445,468.0000,282.00,92.00,2.00,53.00,12.00,27.00
US-AL,356,466.0000,268.00,41.00,1.00,5.00,5.00,146.00
US-CA,932,466.0000,158.00,10.00,4.00,170.00,31.00,93.00
US-MD,218,462.0000,218.00,96.00,5.00,13.00,13.00,117.00
US-NY,105,461.0000,222.00,77.00,10.00,78.00,16.00,58.00
US-OK,741,461.0000,182.00,42.00,4.00,21.00,16.00,196.00
US-ME,040,459.0000,375.00,13.00,8.00,14.00,37.00,12.00
US-CA,907,459.0000,127.00,59.00,31.00,116.00,21.00,105.00
US-NY,114,459.0000,65.00,140.00,52.00,88.00,12.00,102.00
US-NC,274,456.0000,199.00,193.00,7.00,30.00,11.00,16.00
US-NY,144,454.0000,360.00,20.00,8.00,43.00,14.00,9.00
US-CA,951,452.0000,98.00,11.00,51.00,84.00,41.00,167.00
US-KY,404,448.0000,330.00,18.00,3.00,17.00,28.00,52.00
US-TX,765,447.0000,156.00,44.00,5.00,49.00,7.00,186.00
US-CT,061,444.0000,124.00,87.00,12.00,106.00,14.00,101.00
US-IN,467,443.0000,291.00,9.00,1.00,10.00,16.00,116.00
US-PA,175,440.0000,258.00,23.00,6.00,32.00,13.00,108.00
US-PA,195,440.0000,302.00,10.00,4.00,32.00,26.00,66.00
US-SC,297,438.0000,234.00,46.00,5.00,8.00,9.00,136.00
US-OH,447,437.0000,278.00,41.00,2.00,10.00,7.00,99.00
US-OH,439,436.0000,341.00,21.00,1.00,12.00,10.00,51.00
US-AR,721,435.0000,286.00,55.00,19.00,16.00,27.00,32.00
US-VA,220,431.0000,205.00,55.00,53.00,66.00,21.00,31.00
US-NY,145,430.0000,355.00,24.00,9.00,21.00,12.00,9.00
US-MD,206,427.0000,166.00,113.00,3.00,12.00,10.00,123.00
US-NY,115,425.0000,166.00,70.00,21.00,56.00,13.00,99.00
US-NY,120,425.0000,309.00,18.00,4.00,21.00,13.00,60.00
US-TX,757,425.0000,239.00,48.00,3.00,18.00,8.00,109.00
US-WI,544,424.0000,354.00,13.00,8.00,10.00,8.00,31.00
US-VA,233,424.0000,203.00,118.00,8.00,40.00,30.00,25.00
US-WI,537,423.0000,257.00,33.00,11.00,32.00,12.00,78.00
US-FL,323,423.0000,212.00,104.00,7.00,19.00,10.00,71.00
US-DE,198,423.0000,175.00,138.00,1.00,31.00,8.00,70.00
US-VA,243,422.0000,296.00,25.00,1.00,11.00,35.00,54.00
US-NC,273,422.0000,286.00,64.00,6.00,24.00,7.00,35.00
US-IN,468,422.0000,221.00,63.00,1.00,17.00,12.00,108.00
US-SC,291,421.0000,216.00,92.00,1.00,10.00,4.00,98.00
US-PA,181,420.0000,169.00,50.00,6.00,138.00,10.00,47.00
US-MO,652,419.0000,302.00,21.00,3.00,8.00,21.00,64.00
US-GA,315,418.0000,234.00,49.00,11.00,11.00,20.00,93.00
US-NC,271,417.0000,205.00,93.00,1.00,16.00,7.00,95.00
US-NY,121,417.0000,293.00,29.00,8.00,20.00,13.00,54.00
US-MA,015,417.0000,278.00,14.00,4.00,40.00,5.00,76.00
US-NV,894,415.0000,182.00,5.00,2.00,33.00,34.00,159.00
US-CA,954,414.0000,214.00,11.00,6.00,55.00,60.00,68.00
US-NJ,082,413.0000,190.00,41.00,3.00,36.00,48.00,95.00
US-OH,458,410.0000,295.00,27.00,3.00,33.00,14.00,38.00
US-VA,230,409.0000,210.00,80.00,9.00,41.00,34.00,35.00
US-KY,407,408.0000,322.00,12.00,2.00,6.00,30.00,36.00
US-NH,038,407.0000,305.00,9.00,2.00,14.00,38.00,39.00
US-WV,254,407.0000,310.00,41.00,5.00,19.00,9.00,23.00
US-MA,011,406.0000,121.00,69.00,6.00,168.00,9.00,33.00
US-IL,609,406.0000,287.00,45.00,15.00,34.00,7.00,18.00
US-IN,474,405.0000,296.00,9.00,5.00,8.00,15.00,72.00
US-PA,156,404.0000,337.00,5.00,4.00,7.00,4.00,47.00
US-UT,847,403.0000,322.00,7.00,3.00,41.00,18.00,12.00
US-PA,185,402.0000,194.00,20.00,2.00,35.00,2.00,149.00
US-NJ,076,400.0000,137.00,37.00,27.00,74.00,34.00,91.00
US-VA,221,400.0000,162.00,77.00,35.00,72.00,15.00,39.00
US-KY,418,399.0000,293.00,6.00,3.00,2.00,48.00,47.00
US-CA,939,398.0000,101.00,19.00,17.00,98.00,28.00,135.00
US-KY,423,397.0000,270.00,13.00,,10.00,38.00,66.00
US-NJ,083,397.0000,169.00,44.00,2.00,51.00,46.00,85.00
US-NY,140,397.0000,262.00,15.00,1.00,11.00,16.00,92.00
US-CT,066,396.0000,119.00,75.00,5.00,161.00,6.00,30.00
US-TX,776,393.0000,201.00,50.00,2.00,24.00,9.00,107.00
US-MA,024,393.0000,253.00,31.00,22.00,43.00,22.00,22.00
US-PA,161,392.0000,283.00,16.00,2.00,7.00,10.00,74.00
US-KS,666,390.0000,278.00,48.00,5.00,37.00,8.00,14.00
US-TX,797,389.0000,142.00,20.00,1.00,89.00,4.00,133.00
US-OH,435,389.0000,288.00,13.00,2.00,28.00,10.00,48.00
US-CA,934,389.0000,148.00,7.00,4.00,58.00,58.00,114.00
US-IA,511,388.0000,275.00,27.00,11.00,50.00,15.00,10.00
US-PA,189,388.0000,232.00,8.00,7.00,21.00,63.00,57.00
US-CA,952,386.0000,94.00,39.00,15.00,82.00,20.00,136.00
US-WV,261,386.0000,342.00,14.00,1.00,9.00,5.00,15.00
US-OH,433,386.0000,243.00,10.00,1.00,12.00,10.00,110.00
US-IL,622,384.0000,221.00,42.00,5.00,7.00,6.00,103.00
US-RI,029,383.0000,180.00,34.00,3.00,68.00,4.00,94.00
US-NJ,085,379.0000,171.00,22.00,14.00,16.00,42.00,114.00
US-MI,496,378.0000,283.00,8.00,5.00,7.00,12.00,63.00
US-CA,937,377.0000,99.00,29.00,17.00,131.00,28.00,73.00
US-AR,729,377.0000,264.00,16.00,40.00,19.00,10.00,28.00
US-OR,978,376.0000,293.00,10.00,7.00,41.00,8.00,17.00
US-IA,515,375.0000,282.00,5.00,2.00,22.00,12.00,52.00
US-NY,148,373.0000,305.00,17.00,6.00,13.00,8.00,24.00
US-MI,497,373.0000,285.00,10.00,2.00,12.00,11.00,53.00
US-MA,026,372.0000,288.00,20.00,10.00,28.00,14.00,12.00
US-CT,068,371.0000,208.00,37.00,12.00,56.00,32.00,26.00
US-GA,319,370.0000,147.00,150.00,6.00,21.00,19.00,27.00
US-PA,166,370.0000,228.00,15.00,3.00,8.00,2.00,114.00
US-IA,503,370.0000,253.00,39.00,12.00,35.00,8.00,23.00
US-PA,153,369.0000,223.00,20.00,2.00,14.00,3.00,107.00
US-KY,425,368.0000,283.00,11.00,2.00,5.00,19.00,48.00
US-OK,748,367.0000,207.00,9.00,4.00,12.00,18.00,117.00
US-AR,727,366.0000,209.00,14.00,33.00,20.00,15.00,75.00
US-CA,941,366.0000,151.00,27.00,50.00,41.00,32.00,65.00
US-OR,971,366.0000,224.00,5.00,6.00,37.00,8.00,86.00
US-IL,620,366.0000,206.00,23.00,4.00,13.00,8.00,112.00
US-PA,186,365.0000,197.00,11.00,2.00,12.00,6.00,137.00
US-IL,610,365.0000,257.00,18.00,4.00,27.00,16.00,43.00
US-NY,103,364.0000,151.00,45.00,12.00,73.00,4.00,79.00
US-FL,324,364.0000,253.00,27.00,7.00,14.00,10.00,53.00
US-VA,229,364.0000,220.00,63.00,13.00,10.00,36.00,22.00
US-IL,612,364.0000,214.00,37.00,,16.00,9.00,88.00
US-CA,940,364.0000,107.00,10.00,37.00,30.00,42.00,138.00
US-UT,844,363.0000,268.00,12.00,2.00,63.00,7.00,11.00
US-WV,255,362.0000,290.00,12.00,1.00,6.00,7.00,46.00
US-AR,724,358.0000,213.00,18.00,8.00,3.00,45.00,71.00
US-NJ,086,357.0000,120.00,92.00,5.00,25.00,25.00,90.00
US-NY,128,356.0000,219.00,7.00,4.00,17.00,20.00,89.00
US-HI,967,353.0000,93.00,4.00,66.00,30.00,30.00,130.00
US-NM,881,350.0000,153.00,17.00,4.00,130.00,7.00,39.00
US-UT,846,349.0000,278.00,11.00,5.00,35.00,11.00,9.00
US-CT,065,349.0000,166.00,60.00,7.00,76.00,14.00,26.00
US-NY,130,349.0000,274.00,19.00,7.00,19.00,10.00,20.00
US-KS,662,348.0000,233.00,19.00,6.00,25.00,8.00,57.00
US-VA,224,345.0000,151.00,71.00,4.00,19.00,30.00,70.00
US-TX,783,344.0000,89.00,5.00,1.00,122.00,2.00,125.00
US-PA,159,337.0000,256.00,23.00,,5.00,1.00,52.00
US-TX,780,333.0000,93.00,5.00,2.00,141.00,3.00,89.00
US-AL,366,333.0000,158.00,77.00,2.00,5.00,5.00,86.00
US-AR,719,332.0000,204.00,14.00,4.00,17.00,38.00,55.00
US-CA,946,324.0000,83.00,63.00,22.00,23.00,23.00,110.00
US-IN,472,320.0000,216.00,8.00,,10.00,8.00,78.00
US-KY,411,320.0000,254.00,6.00,1.00,5.00,21.00,33.00
US-VA,223,320.0000,144.00,71.00,18.00,53.00,10.00,24.00
US-PA,176,319.0000,154.00,31.00,3.00,53.00,3.00,75.00
US-OR,977,318.0000,231.00,9.00,3.00,15.00,13.00,47.00
US-CA,957,317.0000,142.00,20.00,18.00,37.00,21.00,79.00
US-TX,791,315.0000,168.00,14.00,4.00,44.00,5.00,80.00
US-CA,924,314.0000,73.00,51.00,5.00,145.00,9.00,31.00
US-WA,989,313.0000,157.00,12.00,9.00,97.00,10.00,28.00
US-MN,563,312.0000,181.00,25.00,1.00,12.00,15.00,78.00
US-PA,187,309.0000,161.00,19.00,1.00,14.00,3.00,111.00
US-WI,542,308.0000,151.00,7.00,3.00,19.00,12.00,116.00
US-PA,157,305.0000,227.00,8.00,,10.00,4.00,56.00
US-CA,960,304.0000,198.00,8.00,7.00,32.00,31.00,28.00
US-CO,815,304.0000,202.00,5.00,1.00,54.00,11.00,31.00
US-NC,277,302.0000,118.00,123.00,6.00,6.00,7.00,42.00
US-AL,357,297.0000,165.00,19.00,2.00,10.00,3.00,98.00
US-MS,391,296.0000,123.00,76.00,2.00,6.00,7.00,82.00
US-IA,500,296.0000,217.00,18.00,6.00,13.00,9.00,33.00
US-VA,228,295.0000,211.00,15.00,7.00,17.00,24.00,21.00
US-PA,172,290.0000,200.00,14.00,4.00,17.00,15.00,40.00
US-NE,691,289.0000,183.00,6.00,3.00,23.00,11.00,63.00
US-NY,132,289.0000,177.00,56.00,6.00,34.00,7.00,9.00
US-GA,316,288.0000,142.00,55.00,3.00,12.00,12.00,64.00
US-AL,359,288.0000,185.00,18.00,2.00,3.00,2.00,78.00
US-GA,313,288.0000,142.00,32.00,3.00,18.00,15.00,78.00
US-PA,154,288.0000,238.00,17.00,1.00,2.00,10.00,20.00
US-NE,680,284.0000,190.00,6.00,1.00,12.00,8.00,67.00
US-MO,636,282.0000,189.00,7.00,1.00,4.00,9.00,72.00
US-WI,548,281.0000,184.00,4.00,1.00,10.00,13.00,69.00
US-MS,388,280.0000,146.00,38.00,1.00,2.00,4.00,89.00
US-WV,258,280.0000,218.00,14.00,2.00,3.00,5.00,38.00
US-NY,123,277.0000,158.00,32.00,3.00,22.00,8.00,54.00
US-MA,014,277.0000,189.00,10.00,4.00,40.00,6.00,28.00
US-OH,455,277.0000,197.00,27.00,2.00,23.00,4.00,24.00
US-AL,350,277.0000,148.00,24.00,1.00,5.00,3.00,96.00
US-MS,392,276.0000,81.00,125.00,1.00,2.00,1.00,66.00
US-WI,539,275.0000,185.00,5.00,1.00,15.00,5.00,64.00
US-CO,810,274.0000,95.00,9.00,1.00,46.00,14.00,109.00
US-TX,763,272.0000,164.00,22.00,,31.00,2.00,53.00
US-KY,422,272.0000,192.00,27.00,2.00,4.00,17.00,30.00
US-WI,534,272.0000,121.00,42.00,3.00,21.00,2.00,83.00
US-ME,044,271.0000,205.00,6.00,1.00,14.00,17.00,28.00
US-MD,209,271.0000,60.00,69.00,14.00,37.00,7.00,84.00
US-FL,326,270.0000,151.00,36.00,8.00,28.00,7.00,40.00
US-NJ,079,269.0000,148.00,19.00,13.00,26.00,26.00,37.00
US-TN,384,269.0000,197.00,27.00,1.00,3.00,15.00,26.00
US-TN,385,267.0000,214.00,5.00,2.00,8.00,15.00,23.00
US-OH,457,267.0000,215.00,8.00,,4.00,4.00,36.00
US-ID,832,266.0000,137.00,6.00,2.00,14.00,7.00,100.00
US-NY,134,265.0000,207.00,7.00,2.00,14.00,4.00,31.00
US-NH,032,264.0000,177.00,3.00,1.00,15.00,23.00,45.00
US-OH,434,264.0000,171.00,6.00,,25.00,7.00,55.00
US-NY,119,262.0000,148.00,28.00,1.00,22.00,10.00,53.00
US-MO,657,262.0000,179.00,2.00,1.00,7.00,7.00,66.00
US-CA,936,262.0000,81.00,7.00,9.00,80.00,15.00,70.00
US-WV,257,261.0000,207.00,20.00,3.00,6.00,4.00,21.00
US-IN,464,261.0000,86.00,106.00,,31.00,1.00,37.00
US-WI,547,261.0000,132.00,9.00,1.00,7.00,10.00,102.00
US-TN,382,261.0000,208.00,22.00,1.00,7.00,10.00,13.00
US-NM,882,259.0000,139.00,6.00,,78.00,5.00,31.00
US-KY,415,259.0000,181.00,8.00,,1.00,31.00,38.00
US-MS,390,258.0000,97.00,66.00,,2.00,3.00,90.00
US-CA,914,257.0000,91.00,17.00,2.00,61.00,22.00,64.00
US-IN,475,256.0000,188.00,5.00,1.00,11.00,5.00,46.00
US-MI,498,255.0000,186.00,3.00,,6.00,5.00,55.00
US-WV,253,255.0000,202.00,18.00,1.00,9.00,5.00,20.00
US-OK,744,254.0000,129.00,15.00,,5.00,26.00,79.00
US-OK,737,253.0000,202.00,14.00,,14.00,6.00,17.00
US-KY,424,253.0000,178.00,21.00,,1.00,9.00,44.00
US-KY,409,252.0000,191.00,3.00,1.00,1.00,21.00,35.00
US-NH,031,250.0000,167.00,12.00,2.00,18.00,26.00,25.00
US-IL,625,249.0000,171.00,35.00,4.00,3.00,2.00,34.00
US-PA,178,248.0000,156.00,6.00,,15.00,4.00,67.00
US-VA,226,248.0000,181.00,20.00,3.00,14.00,24.00,6.00
US-GA,304,248.0000,132.00,55.00,3.00,7.00,7.00,44.00
US-MA,025,248.0000,178.00,19.00,,30.00,8.00,13.00
US-KY,408,248.0000,177.00,2.00,1.00,2.00,27.00,39.00
US-GA,314,247.0000,100.00,64.00,4.00,9.00,8.00,62.00
US-NY,124,247.0000,168.00,16.00,1.00,32.00,20.00,10.00
US-MA,016,247.0000,122.00,20.00,5.00,42.00,5.00,53.00
US-MO,658,246.0000,131.00,9.00,1.00,12.00,11.00,82.00
US-WA,988,246.0000,164.00,7.00,6.00,40.00,9.00,20.00
US-SC,292,243.0000,93.00,71.00,1.00,12.00,7.00,59.00
US-PA,173,243.0000,166.00,6.00,1.00,10.00,7.00,53.00
US-VT,054,243.0000,197.00,10.00,3.00,7.00,8.00,18.00
US-VA,237,243.0000,61.00,138.00,1.00,25.00,7.00,11.00
US-MN,560,243.0000,132.00,10.00,4.00,19.00,52.00,26.00
US-WV,260,242.0000,209.00,8.00,2.00,8.00,3.00,12.00
US-AZ,863,242.0000,152.00,4.00,3.00,26.00,14.00,43.00
US-MD,216,241.0000,140.00,32.00,1.00,4.00,8.00,56.00
US-PA,183,240.0000,138.00,22.00,4.00,38.00,8.00,30.00
US-WI,546,240.0000,159.00,6.00,1.00,6.00,4.00,64.00
US-MI,491,240.0000,164.00,11.00,3.00,9.00,10.00,43.00
US-TX,796,238.0000,125.00,19.00,1.00,38.00,5.00,50.00
US-NM,875,237.0000,103.00,3.00,4.00,73.00,9.00,45.00
US-NE,688,236.0000,152.00,3.00,2.00,34.00,6.00,39.00
US-AR,722,235.0000,119.00,76.00,17.00,7.00,5.00,11.00
US-IL,611,235.0000,143.00,41.00,2.00,13.00,7.00,29.00
US-NC,288,235.0000,162.00,26.00,3.00,15.00,7.00,22.00
US-MN,557,234.0000,190.00,5.00,3.00,2.00,10.00,24.00
US-IL,618,233.0000,131.00,45.00,4.00,6.00,4.00,43.00
US-PA,160,233.0000,137.00,2.00,5.00,2.00,2.00,85.00
US-VA,225,232.0000,119.00,48.00,2.00,17.00,11.00,35.00
US-PA,171,231.0000,84.00,59.00,6.00,23.00,3.00,56.00
US-NY,122,230.0000,107.00,61.00,4.00,17.00,5.00,36.00
US-CA,910,230.0000,85.00,12.00,20.00,60.00,16.00,37.00
US-NJ,081,229.0000,75.00,56.00,,38.00,23.00,37.00
US-ID,838,229.0000,117.00,3.00,3.00,12.00,8.00,86.00
US-KS,667,229.0000,149.00,11.00,5.00,8.00,11.00,45.00
US-OK,735,228.0000,106.00,24.00,1.00,17.00,7.00,73.00
US-CO,806,226.0000,112.00,2.00,2.00,39.00,19.00,52.00
US-AL,368,226.0000,138.00,40.00,,4.00,10.00,34.00
US-MD,215,225.0000,182.00,18.00,3.00,4.00,5.00,13.00
US-OK,743,225.0000,146.00,1.00,,7.00,27.00,44.00
US-IA,528,223.0000,124.00,31.00,1.00,15.00,2.00,50.00
US-NY,107,222.0000,54.00,57.00,7.00,62.00,9.00,33.00
US-NC,279,220.0000,142.00,38.00,,2.00,14.00,24.00
US-PA,182,217.0000,136.00,7.00,,32.00,3.00,39.00
US-AL,358,217.0000,93.00,37.00,2.00,5.00,6.00,74.00
US-MO,638,216.0000,146.00,20.00,2.00,4.00,8.00,36.00
US-AL,351,216.0000,113.00,18.00,2.00,7.00,1.00,75.00
US-WV,247,215.0000,174.00,23.00,3.00,8.00,1.00,6.00
US-MO,648,214.0000,123.00,7.00,2.00,8.00,6.00,68.00
US-NY,127,214.0000,138.00,11.00,3.00,35.00,14.00,13.00
US-GA,312,214.0000,71.00,80.00,3.00,,9.00,51.00
US-MT,598,211.0000,133.00,4.00,1.00,9.00,9.00,55.00
US-AK,995,211.0000,81.00,13.00,2.00,10.00,7.00,98.00
US-IA,502,210.0000,147.00,11.00,5.00,9.00,3.00,35.00
US-NY,147,209.0000,151.00,4.00,3.00,7.00,16.00,28.00
US-NY,133,207.0000,157.00,8.00,1.00,5.00,3.00,33.00
US-WA,990,206.0000,140.00,3.00,6.00,10.00,8.00,39.00
US-GA,308,204.0000,96.00,38.00,1.00,6.00,15.00,48.00
US-AL,352,204.0000,72.00,59.00,2.00,2.00,2.00,67.00
US-NJ,075,203.0000,38.00,41.00,3.00,77.00,10.00,34.00
US-IN,477,203.0000,121.00,24.00,1.00,4.00,6.00,47.00
US-ME,049,202.0000,168.00,4.00,1.00,5.00,12.00,12.00
US-NY,141,201.0000,131.00,1.00,1.00,7.00,3.00,58.00
US-NJ,072,201.0000,35.00,51.00,1.00,62.00,13.00,39.00
US-AL,363,201.0000,103.00,19.00,2.00,6.00,,71.00
US-MT,591,200.0000,140.00,5.00,2.00,19.00,11.00,23.00
US-PA,168,200.0000,141.00,6.00,2.00,4.00,1.00,46.00
US-IL,629,197.0000,142.00,12.00,2.00,6.00,3.00,32.00
US-PA,179,197.0000,145.00,5.00,,13.00,3.00,31.00
US-TX,755,197.0000,109.00,28.00,1.00,7.00,4.00,48.00
US-SC,298,197.0000,93.00,26.00,2.00,6.00,4.00,66.00
US-WY,826,194.0000,104.00,1.00,,13.00,3.00,73.00
US-NJ,073,194.0000,38.00,34.00,7.00,62.00,15.00,38.00
US-MO,656,194.0000,124.00,,1.00,3.00,10.00,56.00
US-OK,747,192.0000,86.00,5.00,1.00,8.00,10.00,82.00
US-NY,131,191.0000,153.00,6.00,3.00,10.00,1.00,18.00
US-IL,628,190.0000,147.00,12.00,1.00,4.00,4.00,22.00
US-GA,309,190.0000,59.00,67.00,3.00,5.00,7.00,49.00
US-IA,501,190.0000,146.00,10.00,3.00,6.00,6.00,19.00
US-CA,916,190.0000,61.00,16.00,4.00,40.00,16.00,53.00
US-UT,843,189.0000,151.00,1.00,1.00,19.00,3.00,14.00
US-MD,219,187.0000,127.00,17.00,,8.00,3.00,32.00
US-CA,949,186.0000,93.00,7.00,4.00,25.00,24.00,33.00
US-MO,639,186.0000,113.00,6.00,1.00,2.00,9.00,55.00
US-CA,955,186.0000,123.00,2.00,3.00,18.00,21.00,19.00
US-NY,136,186.0000,143.00,7.00,,9.00,11.00,16.00
US-AR,718,183.0000,98.00,17.00,12.00,10.00,3.00,43.00
US-KS,675,183.0000,30.00,9.00,2.00,10.00,112.00,20.00
US-CA,931,182.0000,51.00,1.00,4.00,36.00,27.00,63.00
US-IL,617,182.0000,130.00,12.00,,5.00,12.00,23.00
US-MN,558,181.0000,124.00,19.00,5.00,2.00,14.00,17.00
US-KY,417,181.0000,132.00,4.00,,2.00,25.00,18.00
US-TX,778,181.0000,73.00,17.00,,15.00,4.00,72.00
US-AR,716,179.0000,99.00,36.00,21.00,5.00,2.00,16.00
US-MS,396,179.0000,73.00,50.00,,1.00,6.00,49.00
US-IN,478,176.0000,109.00,9.00,2.00,2.00,7.00,47.00
US-NY,111,176.0000,53.00,30.00,17.00,34.00,8.00,34.00
US-TX,794,176.0000,82.00,8.00,1.00,36.00,2.00,47.00
US-VA,239,175.0000,89.00,50.00,,7.00,13.00,16.00
US-MN,565,174.0000,104.00,6.00,2.00,14.00,10.00,38.00
US-IA,507,173.0000,119.00,36.00,1.00,7.00,2.00,8.00
US-MN,559,171.0000,80.00,8.00,1.00,4.00,8.00,70.00
US-KY,426,170.0000,136.00,5.00,,1.00,11.00,17.00
US-VA,246,169.0000,126.00,8.00,,3.00,9.00,23.00
US-WI,540,169.0000,87.00,4.00,1.00,8.00,3.00,66.00
US-IL,613,169.0000,123.00,5.00,1.00,8.00,7.00,25.00
US-NY,126,168.0000,89.00,38.00,3.00,27.00,5.00,6.00
US-AZ,864,166.0000,94.00,5.00,1.00,26.00,11.00,29.00
US-PA,165,166.0000,103.00,12.00,,7.00,4.00,40.00
US-NV,897,165.0000,58.00,4.00,2.00,15.00,13.00,73.00
US-IA,524,165.0000,94.00,16.00,,5.00,9.00,41.00
US-IA,526,165.0000,134.00,6.00,1.00,8.00,3.00,13.00
US-PA,177,164.0000,94.00,10.00,,7.00,2.00,51.00
US-VA,244,164.0000,118.00,18.00,1.00,6.00,11.00,10.00
US-IA,527,164.0000,107.00,4.00,3.00,6.00,5.00,39.00
US-NM,883,163.0000,97.00,3.00,1.00,22.00,8.00,32.00
US-MO,653,162.0000,114.00,6.00,1.00,4.00,2.00,35.00
US-WV,251,160.0000,135.00,6.00,,3.00,,16.00
US-AZ,855,160.0000,93.00,1.00,2.00,29.00,6.00,29.00
US-AL,360,159.0000,78.00,20.00,5.00,4.00,,52.00
US-CO,814,158.0000,96.00,5.00,,18.00,12.00,27.00
US-PA,174,158.0000,92.00,22.00,3.00,18.00,2.00,21.00
US-CA,911,158.0000,50.00,11.00,14.00,35.00,18.00,30.00
US-MO,634,157.0000,122.00,11.00,2.00,7.00,8.00,7.00
US-KS,671,156.0000,91.00,9.00,,5.00,20.00,31.00
US-IA,520,156.0000,106.00,20.00,3.00,6.00,5.00,16.00
US-NM,870,155.0000,67.00,1.00,1.00,55.00,9.00,22.00
US-NE,684,154.0000,112.00,4.00,1.00,5.00,5.00,27.00
US-SD,577,154.0000,78.00,4.00,,4.00,3.00,65.00
US-NY,138,154.0000,117.00,8.00,1.00,13.00,1.00,14.00
US-NE,687,154.0000,93.00,5.00,4.00,15.00,6.00,31.00
US-IL,624,153.0000,100.00,3.00,1.00,4.00,6.00,39.00
US-MN,564,152.0000,115.00,1.00,,6.00,7.00,23.00
US-PA,163,152.0000,110.00,3.00,,4.00,1.00,34.00
US-ME,041,151.0000,113.00,4.00,2.00,8.00,19.00,5.00
US-AL,362,151.0000,78.00,23.00,1.00,1.00,2.00,46.00
US-AR,726,151.0000,103.00,,18.00,3.00,7.00,20.00
US-KS,670,149.0000,87.00,4.00,2.00,5.00,19.00,32.00
US-IA,525,148.0000,111.00,12.00,1.00,12.00,4.00,8.00
US-CO,808,148.0000,79.00,7.00,,17.00,14.00,31.00
US-FL,341,148.0000,80.00,4.00,3.00,27.00,2.00,32.00
US-PA,162,147.0000,82.00,3.00,1.00,,3.00,58.00
US-KY,406,147.0000,93.00,10.00,1.00,3.00,11.00,29.00
US-MO,650,145.0000,100.00,2.00,1.00,3.00,7.00,32.00
US-TX,767,144.0000,58.00,18.00,1.00,14.00,2.00,51.00
US-WV,265,144.0000,112.00,8.00,1.00,9.00,,14.00
US-IA,506,144.0000,108.00,5.00,2.00,2.00,2.00,25.00
US-TX,777,144.0000,52.00,44.00,1.00,10.00,6.00,31.00
US-MO,647,142.0000,107.00,2.00,2.00,3.00,4.00,24.00
US-ND,581,141.0000,55.00,6.00,2.00,2.00,7.00,69.00
US-IA,505,140.0000,108.00,9.00,3.00,13.00,2.00,5.00
US-AR,723,140.0000,57.00,39.00,14.00,4.00,2.00,24.00
US-AR,725,140.0000,90.00,1.00,14.00,3.00,5.00,27.00
US-OK,749,139.0000,78.00,1.00,4.00,10.00,17.00,29.00
US-KS,674,139.0000,73.00,5.00,1.00,8.00,34.00,18.00
US-CO,804,138.0000,92.00,1.00,3.00,14.00,14.00,14.00
US-OK,745,138.0000,65.00,3.00,1.00,1.00,3.00,65.00
US-NY,137,137.0000,105.00,8.00,5.00,7.00,6.00,6.00
US-VT,056,137.0000,113.00,3.00,,3.00,4.00,14.00
US-NH,034,136.0000,108.00,,1.00,9.00,11.00,7.00
US-TX,764,136.0000,107.00,1.00,1.00,12.00,,15.00
US-WV,250,136.0000,114.00,8.00,,3.00,2.00,9.00
US-OK,734,134.0000,81.00,4.00,,6.00,4.00,39.00
US-MT,597,133.0000,92.00,3.00,2.00,9.00,5.00,22.00
US-IN,476,133.0000,85.00,2.00,,3.00,3.00,40.00
US-HI,968,133.0000,26.00,8.00,29.00,10.00,10.00,50.00
US-AR,728,132.0000,83.00,2.00,21.00,5.00,3.00,18.00
US-CT,069,131.0000,54.00,18.00,7.00,31.00,10.00,11.00
US-TX,766,131.0000,63.00,10.00,3.00,15.00,1.00,39.00
US-VA,222,131.0000,71.00,27.00,6.00,11.00,2.00,14.00
US-CA,912,130.0000,57.00,5.00,11.00,22.00,12.00,23.00
US-NE,683,130.0000,98.00,3.00,,6.00,2.00,21.00
US-NY,139,130.0000,91.00,18.00,2.00,14.00,2.00,3.00
US-NE,693,129.0000,74.00,2.00,,35.00,3.00,15.00
US-IL,614,129.0000,98.00,8.00,1.00,5.00,1.00,16.00
US-WV,262,128.0000,106.00,8.00,,1.00,2.00,11.00
US-IN,466,128.0000,68.00,27.00,1.00,5.00,6.00,21.00
US-AL,355,128.0000,84.00,6.00,,,,38.00
US-SD,571,128.0000,51.00,5.00,2.00,6.00,4.00,60.00
US-IN,470,127.0000,90.00,3.00,2.00,3.00,1.00,28.00
US-NY,129,127.0000,104.00,2.00,1.00,5.00,3.00,12.00
US-NY,149,127.0000,95.00,11.00,,7.00,6.00,8.00
US-MO,637,125.0000,86.00,6.00,1.00,2.00,7.00,23.00
US-AL,354,125.0000,55.00,24.00,1.00,3.00,,42.00
US-CA,947,124.0000,46.00,9.00,4.00,12.00,11.00,42.00
US-AZ,860,124.0000,59.00,5.00,2.00,11.00,15.00,32.00
US-TX,758,123.0000,65.00,16.00,4.00,4.00,2.00,32.00
US-AK,996,122.0000,65.00,,,5.00,,52.00
US-OR,979,122.0000,85.00,4.00,2.00,16.00,3.00,12.00
US-WA,991,120.0000,85.00,2.00,1.00,9.00,6.00,17.00
US-TX,779,120.0000,47.00,3.00,1.00,37.00,2.00,30.00
US-VT,058,119.0000,93.00,1.00,1.00,1.00,3.00,20.00
US-ND,587,119.0000,54.00,3.00,2.00,5.00,2.00,53.00
US-KY,413,119.0000,98.00,,,3.00,11.00,7.00
US-MN,562,119.0000,84.00,2.00,,8.00,12.00,13.00
US-WV,259,118.0000,100.00,6.00,,2.00,3.00,7.00
US-WV,263,117.0000,99.00,5.00,2.00,4.00,,7.00
US-IL,627,117.0000,71.00,24.00,1.00,3.00,2.00,16.00
US-NH,033,117.0000,78.00,3.00,2.00,5.00,16.00,13.00
US-WV,248,117.0000,96.00,7.00,,6.00,1.00,7.00
US-KS,665,116.0000,88.00,8.00,1.00,5.00,5.00,9.00
US-MS,393,116.0000,58.00,25.00,1.00,1.00,3.00,28.00
US-MD,214,115.0000,50.00,13.00,1.00,5.00,,46.00
US-NY,116,115.0000,26.00,45.00,2.00,21.00,,21.00
US-IL,602,115.0000,48.00,17.00,5.00,13.00,9.00,23.00
US-IL,626,115.0000,93.00,3.00,,1.00,2.00,16.00
US-IA,510,115.0000,89.00,6.00,2.00,4.00,6.00,8.00
US-CA,905,114.0000,36.00,5.00,13.00,23.00,7.00,30.00
US-OH,449,114.0000,62.00,6.00,1.00,3.00,4.00,38.00
US-AK,997,114.0000,42.00,3.00,,4.00,3.00,62.00
US-GA,398,114.0000,54.00,37.00,,2.00,1.00,20.00
US-NY,110,113.0000,34.00,9.00,18.00,14.00,5.00,33.00
US-GA,318,112.0000,60.00,21.00,2.00,7.00,8.00,14.00
US-WV,256,112.0000,88.00,1.00,,5.00,1.00,17.00
US-KS,673,112.0000,74.00,5.00,,3.00,4.00,26.00
US-NY,135,111.0000,59.00,11.00,2.00,12.00,4.00,23.00
US-WV,267,111.0000,97.00,4.00,,2.00,3.00,5.00
US-MT,596,111.0000,67.00,1.00,1.00,4.00,5.00,33.00
US-WV,249,110.0000,88.00,4.00,1.00,4.00,,13.00
US-TX,790,109.0000,52.00,,1.00,23.00,2.00,31.00
US-MO,655,108.0000,70.00,3.00,,5.00,3.00,27.00
US-NM,874,106.0000,69.00,1.00,,12.00,7.00,17.00
US-PA,158,106.0000,73.00,3.00,,1.00,1.00,28.00
US-KY,412,103.0000,82.00,1.00,,1.00,7.00,12.00
US-MS,389,103.0000,50.00,25.00,,2.00,2.00,24.00
US-IL,623,102.0000,82.00,5.00,1.00,5.00,2.00,7.00
US-PR,006,102.0000,,,,67.00,,35.00
US-WI,545,101.0000,79.00,2.00,1.00,2.00,8.00,9.00
US-TX,769,100.0000,42.00,4.00,,19.00,2.00,33.00
US-OH,438,100.0000,56.00,4.00,,2.00,3.00,35.00
US-NH,037,100.0000,69.00,1.00,,3.00,8.00,19.00
US-IA,504,98.0000,70.00,3.00,1.00,10.00,3.00,11.00
US-ND,582,98.0000,81.00,2.00,1.00,4.00,4.00,6.00
US-KS,661,98.0000,57.00,24.00,2.00,11.00,,4.00
US-WV,252,97.0000,83.00,5.00,,3.00,2.00,4.00
US-IA,522,97.0000,47.00,4.00,3.00,9.00,1.00,33.00
US-SC,299,96.0000,54.00,12.00,,4.00,4.00,22.00
US-SD,570,96.0000,51.00,2.00,2.00,5.00,5.00,31.00
US-IA,523,95.0000,51.00,4.00,2.00,2.00,5.00,31.00
US-TX,795,95.0000,52.00,3.00,,13.00,2.00,25.00
US-KS,664,94.0000,58.00,14.00,1.00,7.00,4.00,10.00
US-NJ,089,94.0000,26.00,16.00,3.00,14.00,7.00,28.00
US-TX,768,93.0000,61.00,3.00,,14.00,,15.00
US-WY,820,93.0000,37.00,2.00,1.00,7.00,2.00,44.00
US-NJ,084,92.0000,32.00,27.00,1.00,9.00,13.00,10.00
US-PA,155,92.0000,70.00,3.00,1.00,1.00,2.00,15.00
US-IL,608,92.0000,30.00,27.00,1.00,27.00,3.00,4.00
US-IL,616,92.0000,53.00,17.00,,5.00,4.00,13.00
US-WV,264,91.0000,80.00,4.00,,2.00,1.00,4.00
US-MO,646,91.0000,60.00,1.00,1.00,1.00,7.00,21.00
US-NE,690,90.0000,75.00,,,5.00,3.00,7.00
US-AR,717,90.0000,55.00,15.00,7.00,2.00,,11.00
US-PR,007,90.0000,,,,53.00,,37.00
US-CA,903,90.0000,12.00,26.00,,22.00,2.00,28.00
US-AL,361,89.0000,21.00,35.00,3.00,2.00,,28.00
US-CO,807,87.0000,44.00,1.00,,12.00,3.00,27.00
US-CA,961,87.0000,50.00,1.00,,10.00,10.00,16.00
US-MO,635,86.0000,64.00,6.00,,1.00,3.00,12.00
US-VT,057,85.0000,64.00,1.00,1.00,1.00,5.00,13.00
US-MN,567,84.0000,61.00,4.00,,10.00,1.00,8.00
US-MO,645,84.0000,54.00,3.00,,1.00,,26.00
US-NE,689,84.0000,59.00,1.00,,2.00,3.00,19.00
US-KY,416,83.0000,63.00,2.00,,,9.00,9.00
US-VA,227,83.0000,57.00,6.00,,6.00,8.00,6.00
US-MS,397,83.0000,42.00,16.00,1.00,1.00,3.00,20.00
US-MN,566,82.0000,50.00,2.00,,2.00,13.00,15.00
US-MO,654,82.0000,58.00,2.00,,1.00,3.00,18.00
US-OR,976,81.0000,55.00,4.00,,7.00,3.00,12.00
US-PA,169,81.0000,67.00,3.00,,2.00,2.00,7.00
US-IL,603,81.0000,47.00,14.00,3.00,11.00,2.00,4.00
US-CO,803,80.0000,43.00,5.00,1.00,10.00,10.00,11.00
US-MT,594,80.0000,46.00,,1.00,3.00,5.00,25.00
US-MT,599,79.0000,45.00,1.00,2.00,2.00,2.00,27.00
US-VT,050,78.0000,51.00,,,1.00,6.00,20.00
US-MA,013,78.0000,51.00,1.00,,8.00,2.00,16.00
US-WI,538,78.0000,55.00,,1.00,1.00,4.00,17.00
US-CA,915,77.0000,32.00,1.00,4.00,14.00,9.00,17.00
US-NY,143,76.0000,39.00,12.00,,2.00,2.00,21.00
US-ME,045,76.0000,55.00,1.00,2.00,7.00,11.00,
US-NE,686,76.0000,52.00,2.00,1.00,3.00,,18.00
US-PA,164,75.0000,54.00,1.00,,,1.00,19.00
US-CO,816,73.0000,51.00,1.00,,6.00,5.00,10.00
US-IL,607,73.0000,34.00,7.00,7.00,12.00,6.00,7.00
US-ME,046,72.0000,46.00,2.00,,2.00,7.00,15.00
US-MA,012,72.0000,54.00,2.00,,4.00,6.00,6.00
US-CA,904,72.0000,24.00,3.00,4.00,14.00,12.00,15.00
US-CO,812,71.0000,36.00,1.00,1.00,4.00,3.00,26.00
US-NY,108,71.0000,23.00,11.00,3.00,19.00,3.00,12.00
US-ME,043,70.0000,59.00,1.00,,3.00,2.00,5.00
US-TX,793,69.0000,34.00,2.00,2.00,17.00,1.00,13.00
US-WY,829,68.0000,41.00,,,6.00,1.00,20.00
US-ND,580,68.0000,32.00,,,3.00,,33.00
US-MO,651,67.0000,51.00,4.00,,,,12.00
US-IL,619,67.0000,46.00,2.00,,1.00,,18.00
US-MI,499,66.0000,56.00,2.00,,5.00,1.00,2.00
US-PA,188,66.0000,48.00,2.00,,6.00,1.00,9.00
US-OK,746,65.0000,44.00,4.00,,4.00,5.00,8.00
US-ND,585,65.0000,29.00,,,,2.00,34.00
US-CA,944,64.0000,19.00,3.00,11.00,8.00,5.00,18.00
US-NC,289,64.0000,41.00,3.00,2.00,2.00,2.00,14.00
US-NV,898,64.0000,26.00,2.00,,3.00,4.00,29.00
US-IL,615,64.0000,46.00,2.00,,1.00,2.00,13.00
US-VT,053,63.0000,43.00,1.00,1.00,3.00,1.00,14.00
US-CO,813,62.0000,33.00,1.00,1.00,5.00,2.00,20.00
US-MS,387,61.0000,19.00,38.00,,,1.00,3.00
US-ND,586,60.0000,38.00,1.00,3.00,6.00,,12.00
US-AZ,859,60.0000,36.00,3.00,1.00,7.00,4.00,9.00
US-KS,668,59.0000,42.00,3.00,,9.00,3.00,2.00
US-CA,918,59.0000,10.00,2.00,5.00,29.00,3.00,10.00
US-ME,047,58.0000,36.00,1.00,,,5.00,16.00
US-MO,644,58.0000,40.00,2.00,,1.00,1.00,14.00
US-MN,561,58.0000,32.00,3.00,3.00,2.00,6.00,12.00
US-MT,590,57.0000,41.00,1.00,1.00,3.00,2.00,9.00
US-NY,106,57.0000,23.00,11.00,1.00,9.00,3.00,10.00
US-IA,514,57.0000,42.00,3.00,,4.00,,8.00
US-ID,835,55.0000,34.00,2.00,,2.00,7.00,10.00
US-PR,009,55.0000,,,,31.00,,24.00
US-WV,268,55.0000,48.00,3.00,,3.00,,1.00
US-NH,035,54.0000,48.00,,,1.00,2.00,3.00
US-WY,827,54.0000,23.00,,,3.00,3.00,25.00
US-ME,048,53.0000,48.00,,,2.00,2.00,1.00
US-TX,788,53.0000,10.00,1.00,,22.00,1.00,19.00
US-WV,266,51.0000,41.00,2.00,,3.00,,5.00
US-VT,051,50.0000,45.00,2.00,,,1.00,2.00
US-OK,736,50.0000,31.00,1.00,,4.00,1.00,13.00
US-VT,052,50.0000,31.00,2.00,,4.00,,13.00
US-KS,678,49.0000,17.00,3.00,1.00,7.00,3.00,18.00
US-WY,828,48.0000,34.00,,,1.00,1.00,12.00
US-ME,039,47.0000,27.00,,2.00,2.00,6.00,10.00
US-CA,948,46.0000,8.00,10.00,1.00,4.00,4.00,19.00
US-TX,798,46.0000,4.00,,,26.00,1.00,15.00
US-IA,512,45.0000,29.00,1.00,2.00,8.00,2.00,3.00
US-CO,811,43.0000,17.00,,1.00,11.00,,14.00
US-KY,414,43.0000,37.00,,,,1.00,5.00
US-TX,789,43.0000,23.00,7.00,,3.00,,10.00
US-IA,513,42.0000,31.00,3.00,,1.00,2.00,5.00
US-WY,822,42.0000,20.00,,,3.00,,19.00
US-CA,943,41.0000,16.00,,4.00,4.00,5.00,12.00
US-AL,364,40.0000,21.00,3.00,,,1.00,15.00
US-NY,118,39.0000,21.00,1.00,4.00,3.00,2.00,8.00
US-PA,167,39.0000,31.00,2.00,,,1.00,5.00
US-UT,845,39.0000,27.00,,,4.00,2.00,6.00
US-IA,508,38.0000,33.00,1.00,,2.00,1.00,1.00
US-SD,573,37.0000,13.00,,1.00,,1.00,22.00
US-AL,367,36.0000,16.00,13.00,1.00,,,6.00
US-KS,676,36.0000,22.00,,1.00,2.00,4.00,7.00
US-SD,572,34.0000,15.00,1.00,,,2.00,16.00
US-SD,574,33.0000,11.00,2.00,1.00,1.00,2.00,16.00
US-MT,593,33.0000,28.00,,,1.00,,4.00
US-OK,739,33.0000,14.00,,,1.00,,18.00
US-WY,825,31.0000,15.00,,,,1.00,15.00
US-NY,101,27.0000,7.00,2.00,,4.00,3.00,11.00
US-NM,877,26.0000,10.00,2.00,,10.00,,4.00
US-IA,521,25.0000,20.00,1.00,,2.00,,2.00
US-WY,830,25.0000,20.00,,,1.00,,4.00
US-OK,738,25.0000,19.00,,,3.00,,3.00
US-ND,588,25.0000,16.00,2.00,,3.00,,4.00
US-MA,022,23.0000,11.00,6.00,4.00,1.00,,1.00
US-NM,873,22.0000,3.00,1.00,1.00,3.00,10.00,4.00
US-MT,595,22.0000,8.00,,,,,14.00
US-IA,516,19.0000,16.00,,,1.00,,2.00
US-KS,677,19.0000,10.00,1.00,,1.00,,7.00
US-KS,679,19.0000,10.00,,,5.00,,4.00
US-ND,583,19.0000,11.00,1.00,,,,7.00
US-MT,592,18.0000,9.00,,,,4.00,5.00
US-WA,994,18.0000,10.00,1.00,,4.00,1.00,2.00
US-AK,998,17.0000,6.00,2.00,,,2.00,7.00
US-ND,584,17.0000,7.00,,,1.00,1.00,8.00
US-WY,831,13.0000,9.00,,,,,4.00
US-KS,669,13.0000,10.00,1.00,,,,2.00
US-TX,792,10.0000,3.00,2.00,,3.00,,2.00
US-AK,999,10.0000,7.00,1.00,,,1.00,1.00
US-SD,575,8.0000,3.00,,,,,5.00
US-SD,576,7.0000,1.00,,,,2.00,4.00
US-CT,063,6.0000,1.00,,,,,5.00
US-TX,772,5.0000,2.00,3.00,,,,
US-NM,887,4.0000,2.00,,,1.00,,1.00
US-AZ,865,3.0000,,,,,2.00,1.00
US-FL,332,2.0000,,,,2.00,,
US-GA,311,2.0000,1.00,,,,,1.00
US-GU,969,1.0000,1.00,,,,,
